mysql> select now(), curdate(), curtime();
+---------------------+------------+-----------+
| now()               | curdate()  | curtime() |
+---------------------+------------+-----------+
| 2018-11-08 17:17:09 | 2018-11-08 | 17:17:09  |
+---------------------+------------+-----------+
1 row in set (0.00 sec)

mysql> select now(), curdate(), curtime();
+---------------------+------------+-----------+
| now()               | curdate()  | curtime() |
+---------------------+------------+-----------+
| 2018-11-08 17:17:13 | 2018-11-08 | 17:17:13  |
+---------------------+------------+-----------+
1 row in set (0.00 sec)

mysql> select now(), curdate(), curtime();
+---------------------+------------+-----------+
| now()               | curdate()  | curtime() |
+---------------------+------------+-----------+
| 2018-11-08 17:17:14 | 2018-11-08 | 17:17:14  |
+---------------------+------------+-----------+
1 row in set (0.00 sec)

mysql> select now(), curdate(), curtime();
+---------------------+------------+-----------+
| now()               | curdate()  | curtime() |
+---------------------+------------+-----------+
| 2018-11-08 17:17:15 | 2018-11-08 | 17:17:15  |
+---------------------+------------+-----------+
1 row in set (0.00 sec)

mysql> select now(), curdate(), curtime();
+---------------------+------------+-----------+
| now()               | curdate()  | curtime() |
+---------------------+------------+-----------+
| 2018-11-08 17:17:15 | 2018-11-08 | 17:17:15  |
+---------------------+------------+-----------+
1 row in set (0.00 sec)

mysql> select now(), curdate(), curtime();
+---------------------+------------+-----------+
| now()               | curdate()  | curtime() |
+---------------------+------------+-----------+
| 2018-11-08 17:17:16 | 2018-11-08 | 17:17:16  |
+---------------------+------------+-----------+
1 row in set (0.00 sec)

mysql> select now(), curdate(), curtime();
+---------------------+------------+-----------+
| now()               | curdate()  | curtime() |
+---------------------+------------+-----------+
| 2018-11-08 17:17:17 | 2018-11-08 | 17:17:17  |
+---------------------+------------+-----------+
1 row in set (0.00 sec)

mysql> select now(), curdate(), curtime();
+---------------------+------------+-----------+
| now()               | curdate()  | curtime() |
+---------------------+------------+-----------+
| 2018-11-08 17:17:22 | 2018-11-08 | 17:17:22  |
+---------------------+------------+-----------+
1 row in set (0.00 sec)

mysql> SELECT YEAR(NOW()), MONTH(NOW()), DAY(NOW()), HOUR(NOW()), MINUTE(NOW()), SECOND(NOW());
+-------------+--------------+------------+-------------+---------------+---------------+
| YEAR(NOW()) | MONTH(NOW()) | DAY(NOW()) | HOUR(NOW()) | MINUTE(NOW()) | SECOND(NOW()) |
+-------------+--------------+------------+-------------+---------------+---------------+
|        2018 |           11 |          8 |          17 |            19 |            31 |
+-------------+--------------+------------+-------------+---------------+---------------+
1 row in set (0.00 sec)

mysql> SELECT YEAR(NOW()), MONTH(NOW()), DAY(NOW()), HOUR(NOW()), MINUTE(NOW()), SECOND(NOW());
+-------------+--------------+------------+-------------+---------------+---------------+
| YEAR(NOW()) | MONTH(NOW()) | DAY(NOW()) | HOUR(NOW()) | MINUTE(NOW()) | SECOND(NOW()) |
+-------------+--------------+------------+-------------+---------------+---------------+
|        2018 |           11 |          8 |          17 |            19 |            38 |
+-------------+--------------+------------+-------------+---------------+---------------+
1 row in set (0.00 sec)

mysql> SELECT YEAR(NOW()), MONTH(NOW()), DAY(NOW()), HOUR(NOW()), MINUTE(NOW()), SECOND(NOW());
+-------------+--------------+------------+-------------+---------------+---------------+
| YEAR(NOW()) | MONTH(NOW()) | DAY(NOW()) | HOUR(NOW()) | MINUTE(NOW()) | SECOND(NOW()) |
+-------------+--------------+------------+-------------+---------------+---------------+
|        2018 |           11 |          8 |          17 |            19 |            43 |
+-------------+--------------+------------+-------------+---------------+---------------+
1 row in set (0.00 sec)

mysql> SELECT YEAR(NOW()), MONTH(NOW()), DAY(NOW()), HOUR(NOW()), MINUTE(NOW()), SECOND(NOW());
+-------------+--------------+------------+-------------+---------------+---------------+
| YEAR(NOW()) | MONTH(NOW()) | DAY(NOW()) | HOUR(NOW()) | MINUTE(NOW()) | SECOND(NOW()) |
+-------------+--------------+------------+-------------+---------------+---------------+
|        2018 |           11 |          8 |          17 |            19 |            47 |
+-------------+--------------+------------+-------------+---------------+---------------+
1 row in set (0.00 sec)

mysql> SELECT YEAR(NOW()), MONTH(NOW()), DAY(NOW()), HOUR(NOW()), MINUTE(NOW()), SECOND(NOW());
+-------------+--------------+------------+-------------+---------------+---------------+
| YEAR(NOW()) | MONTH(NOW()) | DAY(NOW()) | HOUR(NOW()) | MINUTE(NOW()) | SECOND(NOW()) |
+-------------+--------------+------------+-------------+---------------+---------------+
|        2018 |           11 |          8 |          17 |            19 |            48 |
+-------------+--------------+------------+-------------+---------------+---------------+
1 row in set (0.00 sec)

mysql> SELECT YEAR(NOW()), MONTH(NOW()), DAY(NOW()), HOUR(NOW()), MINUTE(NOW()), SECOND(NOW());
+-------------+--------------+------------+-------------+---------------+---------------+
| YEAR(NOW()) | MONTH(NOW()) | DAY(NOW()) | HOUR(NOW()) | MINUTE(NOW()) | SECOND(NOW()) |
+-------------+--------------+------------+-------------+---------------+---------------+
|        2018 |           11 |          8 |          17 |            19 |            54 |
+-------------+--------------+------------+-------------+---------------+---------------+
1 row in set (0.00 sec)

mysql> SELECT YEAR(NOW()), MONTH(NOW()), DAY(NOW()), HOUR(NOW()), MINUTE(NOW()), SECOND(NOW());
+-------------+--------------+------------+-------------+---------------+---------------+
| YEAR(NOW()) | MONTH(NOW()) | DAY(NOW()) | HOUR(NOW()) | MINUTE(NOW()) | SECOND(NOW()) |
+-------------+--------------+------------+-------------+---------------+---------------+
|        2018 |           11 |          8 |          17 |            20 |             1 |
+-------------+--------------+------------+-------------+---------------+---------------+
1 row in set (0.00 sec)

mysql> SELECT DAYNAME(NOW()), MONTHNAME(NOW()), DAYOFWEEK(NOW()), DAYOFYEAR(NOW());
+----------------+------------------+------------------+------------------+
| DAYNAME(NOW()) | MONTHNAME(NOW()) | DAYOFWEEK(NOW()) | DAYOFYEAR(NOW()) |
+----------------+------------------+------------------+------------------+
| Thursday       | November         |                5 |              312 |
+----------------+------------------+------------------+------------------+
1 row in set (0.01 sec)

mysql> SELECT DATE_ADD('2012-01-31', INTERVAL 5 DAY);
+----------------------------------------+
| DATE_ADD('2012-01-31', INTERVAL 5 DAY) |
+----------------------------------------+
| 2012-02-05                             |
+----------------------------------------+
1 row in set (0.00 sec)

mysql> SELECT DATE_ADD('2018-11-31', INTERVAL 5 DAY);
+----------------------------------------+
| DATE_ADD('2018-11-31', INTERVAL 5 DAY) |
+----------------------------------------+
| NULL                                   |
+----------------------------------------+
1 row in set, 1 warning (0.01 sec)

mysql> SELECT DATE_ADD('2018-11-30', INTERVAL 25 DAY);
+-----------------------------------------+
| DATE_ADD('2018-11-30', INTERVAL 25 DAY) |
+-----------------------------------------+
| 2018-12-25                              |
+-----------------------------------------+
1 row in set (0.00 sec)

mysql> SELECT DATEDIFF('2012-02-01', '2012-01-28');
+--------------------------------------+
| DATEDIFF('2012-02-01', '2012-01-28') |
+--------------------------------------+
|                                    4 |
+--------------------------------------+
1 row in set (0.00 sec)

mysql> SELECT DATEDIFF('2018-11-08', '2017-01-17');
+--------------------------------------+
| DATEDIFF('2018-11-08', '2017-01-17') |
+--------------------------------------+
|                                  660 |
+--------------------------------------+
1 row in set (0.00 sec)

mysql>
